Name	Family	Class	Gene
GATA11	GATA-type	Other	GATA11
STP4	unknown	C2H2	STP4
ERG	Ets-related	Tryptophan	ERG
Smad3_1	MH1	Zinc-coordinating	Smad3
Rarg	Thyroid	Nuclear	Rarg
LM25	unknown	Unknown	unknown
CRGAARNNNNCGA	unknown	Unknown	unknown
HAC1	unknown	Basic	HAC1
blmp-1	More	C2H2	blmp-1
LM163	unknown	Unknown	unknown
PAX4	Paired	Paired	PAX4
Dlx3	NK-related	Homeo	Dlx3
LM140	unknown	Unknown	unknown
VAX1	NK-related	Homeo	VAX1
UNE10	unknown	Basic	UNE10
lim-4	HD-LIM	C2H2	lim-4
ATF7	Jun-related	Basic	ATF7
LM175	unknown	Unknown	unknown
al	Paired-related	Homeo	al
HMG-I/Y	unknown	High-mobility	unknown
HY5	unknown	Basic	HY5
AGL1	unknown	MADS	AGL1
Scr	HOX-related	Homeo	Scr
RRAGTTGT	unknown	Unknown	unknown
NEUROG2	Tal-related	Basic	NEUROG2
Esx1	Homeo	Helix-Turn-Helix	Esx1
LM98	unknown	Unknown	unknown
LM224	unknown	Unknown	unknown
RFX2	RFX-related	Fork	RFX2
SOX10	SOX-related	High-mobility	SOX10
LM135	unknown	Unknown	unknown
EN2	NK-related	Homeo	EN2
TGATTTRY	unknown	Unknown	unknown
LM181	unknown	Unknown	unknown
TGIF1	TALE-type	Homeo	TGIF1
Tcf7l2_2	High	Other	Tcf7l2
ESRRA	Hormone-nuclear	Zinc-coordinating	ESRRA
MOT2	unknown	RING-type	MOT2
Pparg::Rxra	RXR-related	Nuclear	Rxra
exex	unknown	Homeo	exex
Pitx3	Homeo	Helix-Turn-Helix	Pitx3
SMZ	unknown	AP2/ERF	SMZ
TCP20	TCP	Basic	TCP20
Gabpa	Ets-related	Tryptophan	Gabpa
GZF3	GATA-type	Other	GZF3
POU3F3	POU	Homeo	POU3F3
NFE2L2	Leucine	Zipper-Type	NFE2L2
hlh-2::hlh-3	Helix-Loop-Helix	Zipper-type	hlh-3
Meis3	Homeo	Helix-Turn-Helix	Meis3
LM196	unknown	Unknown	unknown
HOXD13	HOX-related	Homeo	HOXD13
GATA2	GATA-type	Other	GATA2
RARA::RXRA	RXR-related	Nuclear	RXRA
SPL1	unknown	SBP-type	SPL1
BIM2	unknown	Basic	BIM2
ERF094	unknown	AP2/ERF	ERF094
GTTNYYNNGGTNA	unknown	Unknown	unknown
zen2	unknown	Homeo	zen2
LM96	unknown	Unknown	unknown
HSF4	HSF	Heat	HSF4
Dof2	Dof-type	C2H2	unknown
Myog	MyoD	Basic	Myog
CREB3L1	CREB-related	Basic	CREB3L1
Mnx1	Homeo	Helix-Turn-Helix	Mnx1
MGGAAGTG	unknown	Unknown	unknown
ERF4	unknown	AP2/ERF	ERF4
SMTTTTGT	unknown	Unknown	unknown
TCP5	TCP	Basic	TCP5
TBX15	TBX1-related	T-Box	TBX15
Foxl1_1	Forkhead	Winged	Foxl1
Lhx6_1	Homeo	Helix-Turn-Helix	Lhx6
ARR1	Myb/SANT	Tryptophan	ARR1
LM43	unknown	Unknown	unknown
Tcfcp2l1	CP2	Other	Tfcp2l1
TEAD4	TEF-1-related	TEA	TEAD4
CG11294	unknown	Homeo	CT31519
NR1H2::RXRA	RXR-related	Nuclear	RXRA
Pou5f1::Sox2	SOX-related	High-mobility	Sox2
POU5F1B	POU	Homeo	POU5F1B
LM34	unknown	Unknown	unknown
TBX1	TBX1-related	T-Box	TBX1
LM188	unknown	Unknown	unknown
Gata4	GATA-type	Other	Gata4
ELF3	Ets-related	Tryptophan	ELF3
FUS3	unknown	B3	FUS3
GCCATNTTG	unknown	Unknown	unknown
MAFG	Maf-related	Basic	MAFG
SREBF2	bHLH-ZIP	Basic	SREBF2
Hnf4a_1	Hormone-nuclear	Zinc-coordinating	Hnf4a
ap	unknown	Homeo	ap
INR	unknown	Unknown	unknown
TEAD1	TEF-1-related	TEA	TEAD1
Sox18_2	High	Other	Sox18
REL	unknown	REL	unknown
Egr1_1	BetaBetaAlpha-zinc	Zinc-coordinating	Egr1
Mycn	bHLH-ZIP	Basic	Mycn
bcd	Paired-related	Homeo	bcd
AR	Hormone-nuclear	Zinc-coordinating	AR
TATA-Box	unknown	Unknown	unknown
ARALYDRAFT_897773	TCP	Basic	ARALYDRAFT_897773
LM162	unknown	Unknown	unknown
CCAAT-box	unknown	Unknown	unknown
AACWWCAANK	unknown	Unknown	unknown
MYB55	Myb/SANT	Tryptophan	MYB55
CREB1	CREB-related	Basic	CREB1
IRF2	Interferon-regulatory	Tryptophan	IRF2
LM87	unknown	Unknown	unknown
TGA7	unknown	Basic	TGA7
UME6	unknown	C6	UME6
Foxj3_2	Forkhead	Winged	Foxj3
Npas2	PAS	Basic	Npas2
Zfp105_2	BetaBetaAlpha-zinc	Zinc-coordinating	Zfp105
FOXP2	Forkhead	Fork	FOXP2
Duxbl	Homeo	Helix-Turn-Helix	Duxbl3
CCGNMNNTNACG	unknown	Unknown	unknown
Gata6_2	GATA	Zinc-coordinating	Gata6
GSC2	Paired-related	Homeo	GSC2
TCP2	TCP	Basic	TCP2
Nr2e1	RXR-related	Nuclear	NR2E1
HOXA2	HOX-related	Homeo	HOXA2
HNF4G	RXR-related	Nuclear	HNF4G
NKX2-3	NK-related	Homeo	NKX2-3
HMBOX1	POU	Homeo	HMBOX1
USV1	unknown	C2H2	USV1
Atf1	CREB-related	Basic	Atf1
Otx1	Homeo	Helix-Turn-Helix	Otx1
PHO4	unknown	Basic	PHO4
Irx4	Homeo	Helix-Turn-Helix	Irx4
FOXL1	Forkhead	Fork	FOXL1
THAP1	THAP-related	C2CH	THAP1
Dof3	Dof-type	C2H2	unknown
LM26	unknown	Unknown	unknown
bZIP	unknown	bZIP	unknown
REST	Factors	C2H2	REST
Esrra	Steroid	Nuclear	Esrra
MIG3	Other	C2H2	MIG3
LM99	unknown	Unknown	unknown
PAX3	Paired	Paired	PAX3
GGCNNMSMYNTTG	unknown	Unknown	unknown
LM81	unknown	Unknown	unknown
LM51	unknown	Unknown	unknown
GTTRYCATRR	unknown	Unknown	unknown
CUP9	TALE-type	Homeo	CUP9
RFX1	RFX-related	Fork	RFX1
EGR2	Three-zinc	C2H2	EGR2
gcm2	GCM	GCM	gcm2
Barx1	Homeo	Helix-Turn-Helix	Barx1
YRM1	unknown	C6	YRM1
ABF2	unknown	Basic	ABF2
MAFG::NFE2L1	Jun-related	Basic	NFE2L1
Dll	unknown	Homeo	Dll
PBF	Dof-type	C2H2	PBF
WRKY60	unknown	WRKY	WRKY60
MBP1	unknown	APSES-type	MBP1
P0510F09.23	Myb/SANT	Tryptophan	P0510F09.23
WRKY48	unknown	WRKY	WRKY48
CCAWYNNGAAR	unknown	Unknown	unknown
LM148	unknown	Unknown	unknown
LM74	unknown	Unknown	unknown
LM2	unknown	Unknown	unknown
ERF11	unknown	AP2/ERF	ERF11
Hoxd10	Homeo	Helix-Turn-Helix	Hoxd10
Ascl2_1	Helix-Loop-Helix	Zipper-Type	Ascl2
BZR1	unknown	unknown	BZR1
CCTNTMAGA	unknown	Unknown	unknown
LM18	unknown	Unknown	unknown
PAX5	Paired	Paired	PAX5
Pou6f1_2	Homeo	Helix-Turn-Helix	Pou6f1
ceh-22	NK-related	Homeo	ceh-22
LM105	unknown	Unknown	unknown
Tcf21	Tal-related	Basic	Tcf21
ZBTB7B	More	C2H2	ZBTB7B
Zfp187_1	BetaBetaAlpha-zinc	Zinc-coordinating	Zscan26
ro	unknown	Homeo	ro
MYB111	Myb/SANT	Tryptophan	MYB111
Evx1	Homeo	Helix-Turn-Helix	Evx1
Zfp281_1	BetaBetaAlpha-zinc	Zinc-coordinating	Znf281
T11I18.17	unknown	NAC/NAM	NAC046
NDT80	unknown	NDT80	NDT80
Tcfe2a_1	Helix-Loop-Helix	Zipper-Type	Tcf3
WCTCNATGGY	unknown	Unknown	unknown
YY2	More	C2H2	YY2
Hoxa6	Homeo	Helix-Turn-Helix	Hoxa6
CAGCTG	unknown	Unknown	unknown
FOXO3	Forkhead	Fork	FOXO3
Rfx4_2	RFX	Winged	unknown
LM53	unknown	Unknown	unknown
LM33	unknown	Unknown	unknown
Tcfap2b_2	Helix-Loop-Helix	Zipper-Type	Tfap2b
RNGTGGGC	unknown	Unknown	unknown
PRRX1	Paired-related	Homeo	PRRX1
Foxk1_1	Forkhead	Winged	Foxk1
BATF::JUN	Jun-related	Basic	JUN
YGCANTGCR	unknown	Unknown	unknown
CEBPB	C/EBP-related	Basic	CEBPB
NKX3-1	Homeo	Helix-Turn-Helix	NKX3-1
SIP4	unknown	C6	SIP4
Antp	HOX-related	Homeo	Antp
YOX1	unknown	Homeo	YOX1
GIS1	Other	C2H2	GIS1
YRTCANNRCGC	unknown	Unknown	unknown
GCGSCMNTTT	unknown	Unknown	unknown
snpc-4	Myb/SANT	Tryptophan	snpc-4
TOD6	Myb/SANT	Tryptophan	TOD6
Foxk1	Forkhead	Fork	Foxk1
CTCF	More	C2H2	CTCF
HSF1	HSF	Heat	HSF1
STTTCRNTTT	unknown	Unknown	unknown
CG34031	unknown	Homeo	BP1068
ttk	Other	C2H2	ttk
sna	More	C2H2	sna
Tcf3_2	High	Other	Tcf7l1
TRP(MYB)	unknown	TRP	unknown
TCP19	TCP	Basic	TCP19
Nkx3-1	NK-related	Homeo	Nkx3-1
RPH1	Other	C2H2	RPH1
LM9	unknown	Unknown	unknown
Sox14_1	High	Other	Sox14
LM102	unknown	Unknown	unknown
Rxra	RXR-related	Nuclear	Rxra
Msx1	Homeo	Helix-Turn-Helix	Msx1
FOXD2	Forkhead	Fork	FOXD2
Zic2_2	BetaBetaAlpha-zinc	Zinc-coordinating	Zic2
ETV1	Ets-related	Tryptophan	ETV1
SKO1	unknown	Basic	SKO1
Obox3	Homeo	Helix-Turn-Helix	Obox3
ERF039	unknown	AP2/ERF	ERF039
FOXO4	Forkhead	Fork	FOXO4
LM49	unknown	Unknown	unknown
TAAWWATAG	unknown	Unknown	unknown
ERF018	unknown	AP2/ERF	ERF018
ELF1	Ets-related	Tryptophan	ELF1
Hand1::Tcf3	E2A-related	Basic	Tcf3
ASG1	unknown	C6	ASG1
Irf6_1	IRF	Winged	Irf6
DYT1	unknown	Basic	DYT1
LM179	unknown	Unknown	unknown
Zbtb12_2	BetaBetaAlpha-zinc	Zinc-coordinating	Zbtb12
Mafb	Maf-related	Basic	Mafb
LM191	unknown	Unknown	unknown
LM7	unknown	Unknown	unknown
RAX2	Paired-related	Homeo	RAX2
STP2	Factors	C2H2	STP2
YHP1	unknown	Homeo	YHP1
TGANTCA	unknown	Unknown	unknown
YAP6	unknown	Basic	YAP6
Six3	HD-SINE	Homeo	Six3
Ets1	Ets	Winged	Ets1
Zfp691_2	BetaBetaAlpha-zinc	Zinc-coordinating	Znf691
TGA1	unknown	Basic	TGA1
Bgb::run	Runt-related	Runt	Bgb
ARG81	unknown	C6	ARG81
ERF3	unknown	AP2/ERF	ERF3
SP8	Three-zinc	C2H2	SP8
Sox5	SOX-related	High-mobility	Sox5
Klf12	Three-zinc	C2H2	Klf12
SPT	unknown	Basic	SPT
LM46	unknown	Unknown	unknown
zfh-2	unknown	Homeo	zfh-2
BHLH78	unknown	Basic	BHLH78
Sp4_2	BetaBetaAlpha-zinc	Zinc-coordinating	Sp4
YNTTTNNNANGCARM	unknown	Unknown	unknown
LM8	unknown	Unknown	unknown
CLOCK	PAS	Basic	CLOCK
bZIP68	unknown	Basic	BZIP68
WRKY12	unknown	WRKY	WRKY12
LM27	unknown	Unknown	unknown
MATALPHA2	TALE-type	Homeo	MATALPHA2
Mad	SMAD	SMAD/NF-1	Mad
ONECUT1	HD-CUT	Homeo	ONECUT1
RIM101	Factors	C2H2	RIM101
LM203	unknown	Unknown	unknown
SPT2	unknown	unknown	SPT2
YYCATTCAWW	unknown	Unknown	unknown
FOS	Fos-related	Basic	FOS
Mafk_1	Leucine	Zipper-Type	Mafk
GGCNRNWCTTYS	unknown	Unknown	unknown
Arid3b	ARID-related	ARID	Arid3b
LM76	unknown	Unknown	unknown
SUT1	unknown	C6	SUT1
RAX3	Myb/SANT	Tryptophan	RAX3
vis	unknown	Homeo	vis
GMEB2	GMEB	SAND	GMEB2
LM139	unknown	Unknown	unknown
GGCNKCCATNK	unknown	Unknown	unknown
IXR1	unknown	High-mobility	IXR1
LM201	unknown	Unknown	unknown
FZF1	Factors	C2H2	FZF1
Stat3	Stat	Ig-fold	Stat3
NAC92	unknown	NAC/NAM	NAC92
Pou3f1	Homeo	Helix-Turn-Helix	Pou3f1
TCF7L2	TCF-7-related	Basic	TCF7L2
Pax4	Homeo	Helix-Turn-Helix	Pax4
WRKY45	unknown	WRKY	WRKY45
PHYPADRAFT_140773	Dof-type	C2H2	PHYPADRAFT_140773
PIF4	unknown	Basic	PIF4
NKX6-2	NK-related	Homeo	NKX6-2
LM223	unknown	Unknown	unknown
MED-1	unknown	Unknown	unknown
LM206	unknown	Unknown	unknown
SMAD3	SMAD	SMAD/NF-1	SMAD3
Hbp1_2	High	Other	Hbp1
SMP1	Regulators	MADS	SMP1
znf143	BetaBetaAlpha-zinc	Zinc-coordinating	znf143
CAGGTG	unknown	Unknown	unknown
SMAD2::SMAD3::SMAD4	SMAD	SMAD/NF-1	SMAD4
SP4	Three-zinc	C2H2	SP4
GATA15	GATA-type	Other	GATA15
ARF1	unknown	B3	ARF1
POU2F2	POU	Homeo	POU2F2
Lhx9	Homeo	Helix-Turn-Helix	Lhx9
achi	unknown	Homeo	achi
Hnf1b	Homeo	Helix-Turn-Helix	Hnf1b
ASH1	GATA-type	Other	ASH1
Max_2	Helix-Loop-Helix	Zipper-Type	Max
Sox14_2	High	Other	Sox14
AHL12	HMGA	A.T	AHL12
HOXC11	HOX-related	Homeo	HOXC11
ZBTB7A	More	C2H2	ZBTB7A
YPR013C	Other	C2H2	YPR013C
MYBL1	Myb/SANT	Tryptophan	MYBL1
LM134	unknown	Unknown	unknown
ERF7	unknown	AP2/ERF	ERF7
AACYNNNNTTCCS	unknown	Unknown	unknown
ANT	unknown	AP2/ERF	ANT
Nr2f6	RXR-related	Nuclear	Nr2f6
LM94	unknown	Unknown	unknown
NAC043	unknown	NAC/NAM	NAC043
HOXB2	HOX-related	Homeo	HOXB2
GCM1	GCM	GCM	GCM1
Meis2	Homeo	Helix-Turn-Helix	Meis2
WRKY21	unknown	WRKY	WRKY21
SPL14	unknown	SBP-type	SPL14
Nkx1-2	Homeo	Helix-Turn-Helix	Nkx1-2
Nobox	Homeo	Helix-Turn-Helix	unknown
CENPB	unknown	Psq-type	CENPB
MAX::MYC	bHLH-ZIP	Basic	MYC
Crx	Paired-related	Homeo	Crx
ARO80	unknown	C6	ARO80
BARX1	NK-related	Homeo	BARX1
hlh-2::hlh-19	Helix-Loop-Helix	Zipper-type	hlh-19
GGGYGTGNY	unknown	Unknown	unknown
Msx3	NK-related	Homeo	Msx3
BSX	NK-related	Homeo	BSX
NFIA	Nuclear	SMAD/NF-1	NFIA
RDS1	unknown	C6	RDS1
LM65	unknown	Unknown	unknown
HOXD11	HOX-related	Homeo	HOXD11
ID4	HLH	Basic	ID4
TGA2	unknown	Basic	TGA2
LM117	unknown	Unknown	unknown
SOX21	SOX-related	High-mobility	SOX21
Sox5_2	High	Other	Sox5
E2F2_1	E2F	Winged	E2f2
Six6_1	Homeo	Helix-Turn-Helix	Six6
Hes2	Hairy-related	Basic	Hes2
AG	unknown	MADS	AG
CG4328-RA	unknown	Homeo	Dmel\CG4328
LM137	unknown	Unknown	unknown
SRD1	GATA-type	Other	SRD1
IRC900814_2	-	-	unknown
Sox6	SOX-related	High-mobility	Sox6
OsI_08196	TCP	Basic	OsI_08196
elt-3	GATA-type	Other	elt-3
Mafb_2	Leucine	Zipper-Type	Mafb
IRC900814_1	-	-	unknown
SREBF2(var.2)	bHLH-ZIP	Basic	SREBF2
TFAP4	bHLH-ZIP	Basic	TFAP4
HBI1	unknown	Basic	HBI1
LM138	unknown	Unknown	unknown
AAGWWRNYGGC	unknown	Unknown	unknown
LM226	unknown	Unknown	unknown
Hoxa9	HOX-related	Homeo	Hoxa9
RAX	Paired-related	Homeo	RAX
Hnf4a_2	Hormone-nuclear	Zinc-coordinating	Hnf4a
hlh-25	Helix-Loop-Helix	Zipper-type	hlh-25
LM20	unknown	Unknown	unknown
SPI1	Ets-related	Tryptophan	SPI1
MYBL2	Myb/SANT	Tryptophan	MYBL2
DAL82	unknown	unknown	DAL82
SPL3	unknown	SBP-type	SPL3
TFEC	bHLH-ZIP	Basic	TFEC
RUNX1	Runt-related	Runt	RUNX1
lbe	unknown	Homeo	lbe
PHYPADRAFT_173530	unknown	AP2/ERF	PHYPADRAFT_173530
CCAWWNAAGG	unknown	Unknown	unknown
Gmeb1_2	Sand	Other	Gmeb1
pal-1	HOX-related	Homeo	pal-1
ESR1	Steroid	Nuclear	ESR1
br(var.4)	Other	C2H2	br
LM141	unknown	Unknown	unknown
GGGNRMNNYCAT	unknown	Unknown	unknown
GAT4	GATA-type	Other	GAT4
CG9876	unknown	Homeo	CG9876
Isgf3g_1	IRF	Winged	Irf9
ARALYDRAFT_484486	TCP	Basic	ARALYDRAFT_484486
YER184C	unknown	C6	YER184C
MYC2	unknown	Basic	MYC2
F3A4.140	Myb/SANT	Tryptophan	MYB77
ZAP1	unknown	WRKY	WRKY1
AFT1	unknown	unknown	AFT1
GKCGCNNNNNNNTGAYG	unknown	Unknown	unknown
AFT2	unknown	unknown	AFT2
ADR1	Other	C2H2	ADR1
FOS::JUN	Jun-related	Basic	JUN
EOMES	TBrain-related	T-Box	EOMES
HLF	C/EBP-related	Basic	HLF
WRKY57	unknown	WRKY	WRKY57
Hoxa7_1	Homeo	Helix-Turn-Helix	Hoxa7
eor-1	unknown	C2H2	eor-1
YPR015C	Other	C2H2	YPR015C
LM119	unknown	Unknown	unknown
Ahr::Arnt	PAS	Basic	Arnt
Pitx1	Paired-related	Homeo	Pitx1
CATTGTYY	unknown	Unknown	unknown
NKX2-8	NK-related	Homeo	NKX2-8
Sox11_2	High	Other	unknown
REI1	Factors	C2H2	REI1
hlh-2::hlh-14	Helix-Loop-Helix	Zipper-type	unknown
PIF1	unknown	Basic	PIF1
TFAP2A(var.3)	AP-2	Basic	TFAP2A
ERF6	unknown	AP2/ERF	ERF6
LM189	unknown	Unknown	unknown
Hoxc13	Homeo	Helix-Turn-Helix	Hoxc13
YAATNRNNNYNATT	unknown	Unknown	unknown
ACAWNRNSRCGG	unknown	Unknown	unknown
LM209	unknown	Unknown	unknown
SRY	SOX-related	High-mobility	SRY
MEF2A	Regulators	MADS	MEF2A
TBX19	Brachyury-related	T-Box	TBX19
Alx1	Paired-related	Homeo	Alx1
Irf3_2	IRF	Winged	Irf3
Zfp740_1	BetaBetaAlpha-zinc	Zinc-coordinating	Znf740
nub	POU	Homeo	nub
DOF2.5	Dof-type	C2H2	DOF2.5
LM219	unknown	Unknown	unknown
TCF4	E2A-related	Basic	TCF4
Mitf	bHLH-ZIP	Basic	Mitf
hbn	unknown	Homeo	hbn
Dbx2	Homeo	Helix-Turn-Helix	Dbx2
FOXP3	Forkhead	Fork	FOXP3
En2	Homeo	Helix-Turn-Helix	En2
Lim1	HD-LIM	Homeo	Lim1
Pou4f3	Homeo	Helix-Turn-Helix	mtlD
DOF5.7	Dof-type	C2H2	DOF5.7
Rfx3_1	RFX	Winged	Rfx3
Hoxc11	Homeo	Helix-Turn-Helix	unknown
LM100	unknown	Unknown	unknown
LM72	unknown	Unknown	unknown
Mybl1_1	Myb	Helix-Turn-Helix	Mybl1
RELA	NF-kappaB-related	Rel	RELA
TTGCWCAAY	unknown	Unknown	unknown
MYF6	MyoD	Basic	MYF6
Pou1f1	Homeo	Helix-Turn-Helix	Pou1f1
bZIP910	unknown	Basic	unknown
BHLH34	unknown	Basic	BHLH34
YGACNNYACAR	unknown	Unknown	unknown
RTG3	unknown	Basic	RTG3
EDT1	HD-ZIP	Homeo	HDG11
LM115	unknown	Unknown	unknown
Bhlhb2_2	Helix-Loop-Helix	Zipper-Type	Bhlhe40
Bcl6b_1	BetaBetaAlpha-zinc	Zinc-coordinating	Bcl6b
ZNF410	More	C2H2	ZNF410
RAV1(var.2)	unknown	AP2/ERF	RAV1
YTCCCRNNAGGY	unknown	Unknown	unknown
Eomes_1	T	Beta-Hairpin-Ribbon	Eomes
PAX9	Paired	Paired	PAX9
NSI1	Myb/SANT	Tryptophan	NSI1
Sfpi1_2	Ets	Winged	Spi1
Sox13_2	High	Other	Sox13
skn-1	unknown	Basic	skn-1
Gcm1_2	Glial	Zinc-coordinating	Gcm1
AP1	unknown	MADS	AP1
Homez	Homeo	Helix-Turn-Helix	Homez
mab-3	unknown	DM-type	mab-3
Crem	CREB-related	Basic	Crem
TTCYNRGAA	unknown	Unknown	unknown
Hoxa10	Homeo	Helix-Turn-Helix	Hoxa10
LM190	unknown	Unknown	unknown
ONECUT2	HD-CUT	Homeo	ONECUT2
MAF::NFE2	Jun-related	Basic	NFE2
DUXA	Paired-related	Homeo	DUXA
ABI5	unknown	Basic	ABI5
YKL222C	unknown	C6	YKL222C
LM118	unknown	Unknown	unknown
MIXL1	Paired-related	Homeo	MIXL1
Egr1_2	BetaBetaAlpha-zinc	Zinc-coordinating	Egr1
CACGTG	unknown	Unknown	unknown
PHDP	unknown	Homeo	PHDP
HHEX	unknown	Homeo	HHEX
Foxj1_2	Forkhead	Winged	Foxj1
AAANWWTGC	unknown	Unknown	unknown
LM6	unknown	Unknown	unknown
LM57	unknown	Unknown	unknown
CG18599	unknown	Homeo	Dmel\CG18599
DREB2C	unknown	AP2/ERF	DREB2C
MADS	unknown	MADS	unknown
NFIX	Nuclear	SMAD/NF-1	NFIX
NFIC::TLX1	NK-related	Homeo	TLX1
Irx3_1	Homeo	Helix-Turn-Helix	Irx3
EcR::usp	unknown	Nuclear	usp
RARA(var.2)	Thyroid	Nuclear	RARA
Isgf3g_2	IRF	Winged	Irf9
NHP6B	unknown	High-mobility	NHP6B
CUX1	HD-CUT	Homeo	CUX1
KLF5	Three-zinc	C2H2	KLF5
H2.0	NK-related	Homeo	H2.0
RHOXF1	Paired-related	Homeo	RHOXF1
Sox3	SOX-related	High-mobility	Sox3
MLX	bHLH-ZIP	Basic	MLX
LM31	unknown	Unknown	unknown
ETS	unknown	ETS	unknown
Nkx6-3	Homeo	Helix-Turn-Helix	unknown
LM64	unknown	Unknown	unknown
CRZ1	Other	C2H2	CRZ1
GATTGGY	unknown	Unknown	unknown
TFAP2C(var.2)	AP-2	Basic	TFAP2C
NOTO	NK-related	Homeo	NOTO
STP3	unknown	C2H2	STP3
TGGAAA	unknown	Unknown	unknown
BHLHE41	Hairy-related	Basic	BHLHE41
NTL9	unknown	NAC/NAM	NTL9
VSX1	Paired-related	Homeo	VSX1
Creb5	CREB-related	Basic	Creb5
TGAYRTCA	unknown	Unknown	unknown
YTAAYNGCT	unknown	Unknown	unknown
BHLH112	unknown	Basic	BHLH112
MGA1	HSF	Heat	MGA1
Stat6	STAT	STAT	Stat6
TGANNYRGCA	unknown	Unknown	unknown
Alx4	Paired-related	Homeo	Alx4
Nr2f2_2	Hormone-nuclear	Zinc-coordinating	Nr2f2
Foxa2_2	Forkhead	Winged	Foxa2
FOXG1	Forkhead	Fork	FOXG1
POU6F1	POU	Homeo	POU6F1
Homeobox	unknown	Homeo	unknown
Six6_2	Homeo	Helix-Turn-Helix	Six6
EN1	NK-related	Homeo	EN1
DUX4	Paired-related	Homeo	DUX4
CEBPG	C/EBP-related	Basic	CEBPG
LM47	unknown	Unknown	unknown
LM66	unknown	Unknown	unknown
LM62	unknown	Unknown	unknown
Evx2	Homeo	Helix-Turn-Helix	Evx2
Zfp161_1	BetaBetaAlpha-zinc	Zinc-coordinating	Zbtb14
YNGTTNNNATT	unknown	Unknown	unknown
ETV5	Ets-related	Tryptophan	ETV5
FEV	Ets-related	Tryptophan	FEV
YGCGYRCGC	unknown	Unknown	unknown
TBX4	TBX2-related	T-Box	TBX4
YGTCCTTGR	unknown	Unknown	unknown
LM227	unknown	Unknown	unknown
Cux1_2	Homeo	Helix-Turn-Helix	Cux1
Zbtb7b_2	BetaBetaAlpha-zinc	Zinc-coordinating	Zbtb7b
TGCTGAY	unknown	Unknown	unknown
SP1	Three-zinc	C2H2	SP1
TYE7	unknown	Basic	TYE7
CEBPA	C/EBP-related	Basic	CEBPA
Hoxd8	HOX-related	Homeo	Hoxd8
Bbx_2	High	Other	Bbx
LM71	unknown	Unknown	unknown
Hoxb9	Homeo	Helix-Turn-Helix	Hoxb9
Zic3_1	BetaBetaAlpha-zinc	Zinc-coordinating	Zic3
GSC	Paired-related	Homeo	GSC
ATHB-51	HD-ZIP	Homeo	ATHB-51
GLN3	GATA-type	Other	GLN3
WRKY30	unknown	WRKY	WRKY30
RGM1	unknown	C2H2	RGM1
Sox21_2	High	Other	Sox21
LM186	unknown	Unknown	unknown
ETV3	Ets-related	Tryptophan	ETV3
Hic1_1	BetaBetaAlpha-zinc	Zinc-coordinating	Hic1
NFKB1	NF-kappaB-related	Rel	NFKB1
STE12	unknown	unknown	STE12
abi4	unknown	AP2/ERF	abi4
slbo	C/EBP-related	Basic	slbo
FKH2	Forkhead	Fork	FKH2
KLF16	Three-zinc	C2H2	KLF16
GBX1	HOX-related	Homeo	GBX1
ems	NK-related	Homeo	ems
SWI4	unknown	APSES-type	SWI4
SNACANNNYSYAGA	unknown	Unknown	unknown
ERF112	unknown	AP2/ERF	ERF112
CCCNNNNNNAAGWT	unknown	Unknown	unknown
ERF043	unknown	AP2/ERF	ERF043
ZMS1	Other	C2H2	RSF2
ELK4	Ets-related	Tryptophan	ELK4
Foxj2	Forkhead	Fork	Foxj2
NKX3-2	NK-related	Homeo	NKX3-2
Obox5_2	Homeo	Helix-Turn-Helix	Obox5
CTTTGT	unknown	Unknown	unknown
ATCMNTCCGY	unknown	Unknown	unknown
MSX1	NK-related	Homeo	MSX1
exd	TALE-type	Homeo	exd
fkh	Forkhead	Fork	fkh
LM56	unknown	Unknown	unknown
CATRRAGC	unknown	Unknown	unknown
TBP	TBP-related	TATA-binding	TBP
BAS1	Myb/SANT	Tryptophan	BAS1
STAT3	STAT	STAT	STAT3
Irf3_1	IRF	Winged	Irf3
LM154	unknown	Unknown	unknown
Cdx1	Homeo	Helix-Turn-Helix	Cdx1
CCA1	Myb/SANT	Tryptophan	CCA1
Hoxd1	Homeo	Helix-Turn-Helix	Hoxd1
HOXC10	HOX-related	Homeo	HOXC10
LM121	unknown	Unknown	unknown
RYTGCNWTGGNR	unknown	Unknown	unknown
EMX1	NK-related	Homeo	EMX1
Pou3f2	Homeo	Helix-Turn-Helix	Pou3f2
Dlx1	NK-related	Homeo	Dlx1
YRR1	unknown	C6	YRR1
ETS1	Ets-related	Tryptophan	ETS1
Irf4_2	IRF	Winged	Irf4
HAT1	HD-ZIP	Homeo	HAT1
Cf2	Factors	C2H2	Cf2
Sox15_1	High	Other	Sox15
NR2F1	RXR-related	Nuclear	NR2F1
FOSL1	Fos-related	Basic	FOSL1
DOF5.3	Dof-type	C2H2	DOF5.3
PAX1	Paired	Paired	PAX1
Pou3f3	Homeo	Helix-Turn-Helix	Pou3f3
Myc	bHLH-ZIP	Basic	Myc
MTE	unknown	Unknown	unknown
EDS1	unknown	C6	EDS1
YAP7	unknown	Basic	YAP7
pha-4	Forkhead	Fork	pha-4
prd	unknown	Paired	Poxn
DPE	unknown	Unknown	unknown
LM116	unknown	Unknown	unknown
Dlx2	NK-related	Homeo	Dlx2
KAN4	Myb/SANT	Tryptophan	KAN4
AGCYRWTTC	unknown	Unknown	unknown
hlh-11	Helix-Loop-Helix	Zipper-type	hlh-11
WRKY23	unknown	WRKY	WRKY23
URC2	unknown	C6	URC2
Tbp_2	TATA-binding	Beta-sheet	Tbp
LM211	unknown	Unknown	unknown
SPT15	TBP-related	TATA-binding	SPT15
Gsx2	Homeo	Helix-Turn-Helix	Gsx2
PIF3	unknown	Basic	PIF3
Arx	Paired-related	Homeo	Arx
twi	unknown	Basic	twi
ARR18	Myb/SANT	Tryptophan	ARR18
hlh-2::hlh-10	Helix-Loop-Helix	Zipper-type	hlh-10
BREu	unknown	Unknown	unknown
SFP1	Factors	C2H2	SFP1
Zscan4_2	BetaBetaAlpha-zinc	Zinc-coordinating	unknown
GATGKMRGCG	unknown	Unknown	unknown
Gabpa_1	Ets	Winged	Gabpa
Shox2	Paired-related	Homeo	Shox2
LM150	unknown	Unknown	unknown
LBX2	NK-related	Homeo	LBX2
ct	HD-CUT	Homeo	ct
Gbx1	Homeo	Helix-Turn-Helix	Gbx1
RYAAAKNNNNNNTTGW	unknown	Unknown	unknown
LM146	unknown	Unknown	unknown
TEF	TEF-1-related	TEA	TEF
ETV2	Ets-related	Tryptophan	ETV2
Sox21_1	High	Other	Sox21
TP53	p53-related	p53	TP53
ZIC4	More	C2H2	ZIC4
Uncx	Homeo	Helix-Turn-Helix	unknown
MBP1::SWI6	unknown	APSES-type	SWI6
JUN::FOS	Leucine	Zipper-Type	Fos
BZR2	unknown	unknown	BZR2
ETV6	Ets-related	Tryptophan	ETV6
IRF9	Interferon-regulatory	Tryptophan	IRF9
Plagl1_2	BetaBetaAlpha-zinc	Zinc-coordinating	Plagl1
GT-1	Myb/SANT	Tryptophan	GT-1
MAC1	unknown	Copper-fist	MAC1
Spdef_2	Ets	Winged	Spdef
ARALYDRAFT_496250	TCP	Basic	ARALYDRAFT_496250
Hoxb4	Homeo	Helix-Turn-Helix	Hoxb4
HAP2	Heteromeric	Heteromeric	HAP2
Rfx1	RFX-related	Fork	Rfx1
ERF098	unknown	AP2/ERF	ERF098
LM228	unknown	Unknown	unknown
lab	HOX-related	Homeo	lab
Tcfap2b_1	Helix-Loop-Helix	Zipper-Type	Tfap2b
ESR2	Steroid	Nuclear	ESR2
GGATTA	unknown	Unknown	unknown
Hoxd9	HOX-related	Homeo	Hoxd9
LM104	unknown	Unknown	unknown
SPL12	unknown	SBP-type	SPL12
Phox2b	Paired-related	Homeo	PHOX2B
Hic1_2	BetaBetaAlpha-zinc	Zinc-coordinating	Hic1
LM91	unknown	Unknown	unknown
Zfp105_1	BetaBetaAlpha-zinc	Zinc-coordinating	Zfp105
Sox8_1	High	Other	Sox8
SPL11	unknown	SBP-type	SPL11
LM158	unknown	Unknown	unknown
Nkx2-1	Homeo	Helix-Turn-Helix	Nkx2-1
Optix	HD-SINE	Homeo	Optix
NEUROD2	Tal-related	Basic	NEUROD2
ATHB-12	HD-ZIP	Homeo	ATHB-12
DAL80	GATA-type	Other	DAL80
Rfxdc2_2	RFX	Winged	Rfx7
LM41	unknown	Unknown	unknown
Prop1	Homeo	Helix-Turn-Helix	Prop1
LM103	unknown	Unknown	unknown
Ddit3::Cebpa	C/EBP-related	Basic	Cebpa
LM69	unknown	Unknown	unknown
CG32105	unknown	Homeo	Lmx1a
LM40	unknown	Unknown	unknown
Zic3_2	BetaBetaAlpha-zinc	Zinc-coordinating	Zic3
SPL5	unknown	SBP-type	SPL5
MEIS2	TALE-type	Homeo	MEIS2
LM28	unknown	Unknown	unknown
Nkx1-1	Homeo	Helix-Turn-Helix	Sax2
MCM1	unknown	MADS	MCM1
LM149	unknown	Unknown	unknown
Nkx6-1_2	Homeo	Helix-Turn-Helix	Nkx6-1
ARR2	Myb/SANT	Tryptophan	ARR2
SKN7	HSF	Heat	SKN7
ALX3	Paired-related	Homeo	ALX3
TFAP2A	AP-2	Basic	TFAP2A
RGT1	unknown	C6	RGT1
PROX1	HD-PROS	Homeo	PROX1
STP1	Factors	C2H2	STP1
LEC2	unknown	B3	LEC2
HMG	unknown	HMG	unknown
LM14	unknown	Unknown	unknown
E2F6	E2F-related	Fork	E2F6
Hoxa11	HOX-related	Homeo	HOXA11
LEU3	unknown	C6	LEU3
CBF1	unknown	Basic	CBF1
TAAYNRNNTCC	unknown	Unknown	unknown
Hoxa3	Homeo	Helix-Turn-Helix	Hoxa3
MEF2C	Regulators	MADS	MEF2C
SPIC	Ets-related	Tryptophan	SPIC
ARALYDRAFT_493022	TCP	Basic	ARALYDRAFT_493022
TTGTTT	unknown	Unknown	unknown
Elf3_2	Ets	Winged	Elf3
MIG1	Other	C2H2	MIG1
CAT8	unknown	C6	CAT8
PDR1	unknown	C6	PDR1
Dfd	HOX-related	Homeo	Dfd
SYATTGTG	unknown	Unknown	unknown
LM110	unknown	Unknown	unknown
WYAAANNRNNNGCG	unknown	Unknown	unknown
YATGNWAAT	unknown	Unknown	unknown
FOXF2	Forkhead	Fork	FOXF2
Foxa2	Forkhead	Fork	Foxa2
Pou2f1	Homeo	Helix-Turn-Helix	Pou2f1
TATAAA	unknown	Unknown	unknown
ZBED1	BED	C2H2	ZBED1
dsc-1	unknown	Homeo	dsc-1
LM21	unknown	Unknown	unknown
Hoxa3_1	Homeo	Helix-Turn-Helix	Hoxa3
POU2F1	POU	Homeo	POU2F1
RYTTCCTG	unknown	Unknown	unknown
br	Other	C2H2	br
LM84	unknown	Unknown	unknown
HES7	Hairy-related	Basic	HES7
WRKY8	unknown	WRKY	WRKY8
LM165	unknown	Unknown	unknown
Tlx2	Homeo	Helix-Turn-Helix	Tlx2
Gcm1_1	Glial	Zinc-coordinating	Gcm1
Tcf12	E2A-related	Basic	Tcf12
Pknox1	Homeo	Helix-Turn-Helix	Pknox1
RORA(var.2)	Thyroid	Nuclear	RORA
WRKY38	unknown	WRKY	WRKY38
E2F3_2	E2F	Winged	E2f3
AHL25	HMGA	A.T	AHL25
Eomes_2	E2F	Beta-Hairpin-Ribbon	Eomes
LM169	unknown	Unknown	unknown
WRKY43	unknown	WRKY	WRKY43
cnc::maf-S	Maf-related	Basic	maf-S
Zfp740_2	BetaBetaAlpha-zinc	Zinc-coordinating	Znf740
SEP3	unknown	MADS	SEP3
Mtf1_2	BetaBetaAlpha-zinc	Zinc-coordinating	Mtf1
SP2	Three-zinc	C2H2	SP2
SGCGSSAAA	unknown	Unknown	unknown
BIM3	unknown	Basic	BIM3
Hoxb7	Homeo	Helix-Turn-Helix	Hoxb7
RSC3	unknown	C6	RSC3
TBX2	TBX2-related	T-Box	TBX2
TNCATNTCCYR	unknown	Unknown	unknown
ABF3	unknown	Basic	ABF3
HNF1A	POU	Homeo	HNF1A
LMX1B	HD-LIM	Homeo	LMX1B
mirr	unknown	Homeo	mirr
PROP1	Paired-related	Homeo	PROP1
zen	unknown	Homeo	zen
E2F3	E2F-related	Fork	E2F3
ARGGGTTAA	unknown	Unknown	unknown
CTAWWWATA	unknown	Unknown	unknown
Hmbox1	Homeo	Helix-Turn-Helix	Hmbox1
Hoxa1	Homeo	Helix-Turn-Helix	Hoxa1
CGTSACG	unknown	Unknown	unknown
LM68	unknown	Unknown	unknown
STB5	unknown	C6	STB5
POU3F2	POU	Homeo	POU3F2
hlh-2::cnd-1	Helix-Loop-Helix	Zipper-type	unknown
YTTCCNNNGGAMR	unknown	Unknown	unknown
Meox1	Homeo	Helix-Turn-Helix	Meox1
WRKY2	unknown	WRKY	WRKY2
Foxq1	Forkhead	Fork	Foxq1
Os05g0497200	unknown	AP2/ERF	Os05g0497200
LM126	unknown	Unknown	unknown
SWI5	unknown	A.T	SWI5
USF2	bHLH-ZIP	Basic	USF2
BHLH13	unknown	Basic	BHLH13
Nr2f2_1	Hormone-nuclear	Zinc-coordinating	Nr2f2
LM176	unknown	Unknown	unknown
LM159	unknown	Unknown	unknown
ERF13	unknown	AP2/ERF	ERF13
sma-4	SMAD	SMAD/NF-1	sma-4
hlh-2::hlh-8	Helix-Loop-Helix	Zipper-type	unknown
GAL4	unknown	C6	GAL4
opa	More	C2H2	opa
hlh-2::lin-32	Helix-Loop-Helix	Zipper-type	unknown
LM90	unknown	Unknown	unknown
POU3F1	POU	Homeo	POU3F1
MNT	bHLH-ZIP	Basic	MNT
daf-12	GATA-type	Other	daf-12
unc-4	Paired-related	Homeo	unc-4
DCE_S_I	unknown	Unknown	unknown
ARALYDRAFT_495258	TCP	Basic	ARALYDRAFT_495258
TFAP2A(var.2)	AP-2	Basic	TFAP2A
dl	unknown	Rel	dl
Zscan4_1	BetaBetaAlpha-zinc	Zinc-coordinating	unknown
Hoxd12	Homeo	Helix-Turn-Helix	Hoxd12
Hoxa7_2	Homeo	Helix-Turn-Helix	Hoxa7
bHLH(zip)	unknown	bHLH(zip)	unknown
Arid3a	ARID-related	ARID	Arid3a
Gmeb1	GMEB	SAND	Gmeb1
CTTTGA	unknown	Unknown	unknown
LM233	unknown	Unknown	unknown
efl-1	E2F-related	Fork	efl-1
LM199	unknown	Unknown	unknown
FOSL2	Fos-related	Basic	FOSL2
LIN54	unknown	CRC	LIN54
KTGGYRSGAA	unknown	Unknown	unknown
LM75	unknown	Unknown	unknown
LM216	unknown	Unknown	unknown
CYTAGCAAY	unknown	Unknown	unknown
TGACCTTG	unknown	Unknown	unknown
Hoxa3_2	Homeo	Helix-Turn-Helix	Hoxa3
tll	unknown	Nuclear	tll
Foxd3	Forkhead	Fork	Foxd3
Hoxd11	Homeo	Helix-Turn-Helix	Hoxd11
DREB1G	unknown	AP2/ERF	DREB1G
Lhx2	Homeo	Helix-Turn-Helix	Lhx2
Elf3_1	Ets	Winged	Elf3
Emx2	Homeo	Helix-Turn-Helix	Emx2
UGA3	unknown	C6	UGA3
Mlxip	bHLH-ZIP	Basic	Mlxip
Vax2	Homeo	Helix-Turn-Helix	Vax2
GCGNNANTTCC	unknown	Unknown	unknown
NFE2	Jun-related	Basic	NFE2
YKACATTT	unknown	Unknown	unknown
BHLHE40	Hairy-related	Basic	BHLHE40
MGA	TBX6-related	T-Box	MGA
Sox17_1	High	Other	Sox17
TAANNYSGCG	unknown	Unknown	unknown
ARR10	Myb/SANT	Tryptophan	ARR10
NR4A2	NGFI-B-related	Nuclear	NR4A2
Irx3_2	Homeo	Helix-Turn-Helix	Irx3
Nfe2l2	Jun-related	Basic	Nfe2l2
PHYPADRAFT_182268	unknown	AP2/ERF	PHYPADRAFT_182268
GGARNTKYCCA	unknown	Unknown	unknown
ERF	Ets-related	Tryptophan	ERF
PITX3	Paired-related	Homeo	PITX3
MEOX1	HOX-related	Homeo	MEOX1
AGL3	unknown	MADS	AGL3
Hoxc9	HOX-related	Homeo	Hoxc9
Ascl2	MyoD	Basic	Ascl2
KLF14	Three-zinc	C2H2	KLF14
NFATC2	NFAT-related	Rel	NFATC2
Bcl6	More	C2H2	Bcl6
btd	Other	C2H2	btd
Dux	Paired-related	Homeo	Dux
Zfp128_1	BetaBetaAlpha-zinc	Zinc-coordinating	unknown
Hoxa4	Homeo	Helix-Turn-Helix	Hoxa4
YPR022C	Other	C2H2	YPR022C
RPN4	unknown	C2H2	RPN4
FOXC1	Forkhead	Fork	FOXC1
Sox13_1	High	Other	Sox13
PAX7	Paired	Paired	PAX7
Cebpa	Leucine	Zipper-Type	unknown
Id2	HLH	Basic	Id2
LM39	unknown	Unknown	unknown
OLIG1	Tal-related	Basic	OLIG1
LMX1A	HD-LIM	Homeo	LMX1A
ERF8	unknown	AP2/ERF	ERF8
FHL1	Forkhead	Fork	FHL1
Sox30_2	High	Other	Sox30
HCM1	Forkhead	Fork	HCM1
Glyma19g26560.1	TCP	Basic	GLYMA_19G095300
Bhlhe40	Helix-Loop-Helix	Zipper-Type	Bhlhe40
ABI3	unknown	B3	ABI3
ERF008	unknown	AP2/ERF	ERF008
ROX1	unknown	High-mobility	ROX1
Nr2e3	RXR-related	Nuclear	Nr2e3
NRF1	Jun-related	Basic	NRF1
TGCGCANK	unknown	Unknown	unknown
PDR8	unknown	C6	PDR8
B-H2	HOX-related	Homeo	B-H2
Zfp128_2	BetaBetaAlpha-zinc	Zinc-coordinating	unknown
WGGAATGY	unknown	Unknown	unknown
LM178	unknown	Unknown	unknown
HES5	Hairy-related	Basic	HES5
YPR196W	unknown	C6	YPR196W
Gata6_1	GATA	Zinc-coordinating	Gata6
Gfi1	More	C2H2	Gfi1
WRKY40	unknown	WRKY	WRKY40
ACE2	Other	C2H2	ACE2
ceh-48	HD-CUT	Homeo	ceh-48
LM52	unknown	Unknown	unknown
CDF3	Dof-type	C2H2	CDF3
HIC2	Factors	C2H2	HIC2
hth	TALE-type	Homeo	hth
LM194	unknown	Unknown	unknown
HEY2	Hairy-related	Basic	HEY2
fkh-2	Forkhead	Fork	fkh-2
Gm397_2	BetaBetaAlpha-zinc	Zinc-coordinating	Zscan4f
EWSR1-FLI1	Ets-related	Tryptophan	EWSR1/FLI1
Tal1::Gata1	Helix-Loop-Helix	Zipper-Type	Tal1
LM161	unknown	Unknown	unknown
AAAYRNCTG	unknown	Unknown	unknown
GSX1	HOX-related	Homeo	GSX1
FOXO6	Forkhead	Fork	FOXO6
Zfp281_2	BetaBetaAlpha-zinc	Zinc-coordinating	Znf281
dve	unknown	Homeo	dve
BREd	unknown	Unknown	unknown
TTCNRGNNNNTTC	unknown	Unknown	unknown
Obox5_1	Homeo	Helix-Turn-Helix	Obox5
Foxk1_2	Forkhead	Winged	Foxk1
ELK3	Ets-related	Tryptophan	ELK3
LM5	unknown	Unknown	unknown
Rax	Homeo	Helix-Turn-Helix	Rax
Hes1	Hairy-related	Basic	Hes1
GSX2	HOX-related	Homeo	GSX2
GCR2	unknown	unknown	GCR2
LM213	unknown	Unknown	unknown
Zfp691_1	BetaBetaAlpha-zinc	Zinc-coordinating	Znf691
Gata5_2	GATA	Zinc-coordinating	Gata5
VAX2	NK-related	Homeo	VAX2
BHLH3	unknown	Basic	BHLH3
SNAI2	More	C2H2	SNAI2
Obox2	Homeo	Helix-Turn-Helix	Obox2
Zfp161_2	BetaBetaAlpha-zinc	Zinc-coordinating	Zbtb14
HOXC13	HOX-related	Homeo	HOXC13
POPTR_0002s00440g	unknown	SBP-type	POPTR_0002s00440g
Esrra_1	Hormone-nuclear	Zinc-coordinating	Esrra
LHX2	HD-LIM	Homeo	LHX2
hlh-26	Helix-Loop-Helix	Zipper-type	hlh-26
OLIG2	Tal-related	Basic	OLIG2
Hdx	Homeo	Helix-Turn-Helix	Hdx
TCP15	TCP	Basic	TCP15
RFX5	RFX-related	Fork	RFX5
LM208	unknown	Unknown	unknown
CMTA2	unknown	CG-1	CAMTA2
GGAMTNNNNNTCCY	unknown	Unknown	unknown
YLR278C	unknown	C6	YLR278C
RACTNNRTTTNC	unknown	Unknown	unknown
HOXB3	HOX-related	Homeo	HOXB3
YY1	More	C2H2	YY1
LHX9	HD-LIM	Homeo	LHX9
KRCTCNNNNMANAGC	unknown	Unknown	unknown
Tcfe2a_2	Helix-Loop-Helix	Zipper-Type	Tcf3
RORA	Thyroid	Nuclear	RORA
GCN4	unknown	Basic	GCN4
LM133	unknown	Unknown	unknown
Srf_2	MADS	Other	Srf
HOXA10	HOX-related	Homeo	HOXA10
TTCYRGAA	unknown	Unknown	unknown
Arid3a_2	Arid	Helix-Turn-Helix	Arid3a
OJ1058_F05.8	unknown	Basic	Os05g0437700
IRF8	Interferon-regulatory	Tryptophan	IRF8
E2F4	E2F-related	Fork	E2F4
LM180	unknown	Unknown	unknown
DCE_S_II	unknown	Unknown	unknown
Lhx8	HD-LIM	Homeo	Lhx8
SVP	unknown	MADS	SVP
Hoxc6	Homeo	Helix-Turn-Helix	Hoxc6
PDR3	unknown	C6	PDR3
Rfxdc2_1	RFX	Winged	Rfx7
ARF5	unknown	B3	ARF5
STB4	unknown	C6	STB4
LM132	unknown	Unknown	unknown
RFX4	RFX-related	Fork	RFX4
bap	NK-related	Homeo	bap
LM166	unknown	Unknown	unknown
Pou2f3	POU	Homeo	Pou2f3
Znf423	Factors	C2H2	Znf423
YCATTAA	unknown	Unknown	unknown
Neurog1	Tal-related	Basic	Neurog1
Trl	unknown	C2H2	Trl
Tgif2	Homeo	Helix-Turn-Helix	Tgif2
LM19	unknown	Unknown	unknown
MEF2D	Regulators	MADS	MEF2D
FOXB1	Forkhead	Fork	FOXB1
Gsc	Homeo	Helix-Turn-Helix	Gsc
FIGLA	Tal-related	Basic	FIGLA
Hoxb13	Homeo	Helix-Turn-Helix	Hoxb13
LM156	unknown	Unknown	unknown
OdsH	Paired-related	Homeo	OdsH
HOXD12	HOX-related	Homeo	HOXD12
Lmx1a	Homeo	Helix-Turn-Helix	Lmx1a
GCR1	unknown	unknown	GCR1
MTF1	More	C2H2	MTF1
LM174	unknown	Unknown	unknown
MYB59	Myb/SANT	Tryptophan	MYB59
AP3	unknown	MADS	AP3
LM70	unknown	Unknown	unknown
Tcfap2e_2	Helix-Loop-Helix	Zipper-Type	Tfap2e
Pbx1	Homeo	Helix-Turn-Helix	Pbx1
Arid3a_1	Arid	Helix-Turn-Helix	Arid3a
EGR3	Three-zinc	C2H2	EGR3
ERF096	unknown	AP2/ERF	ERF096
NKX6-1	NK-related	Homeo	NKX6-1
RXRB	RXR-related	Nuclear	RXRB
CDF2	Dof-type	C2H2	CDF2
Zfx	More	C2H2	Zfx
Sox11_1	High	Other	unknown
LM106	unknown	Unknown	unknown
TOS8	TALE-type	Homeo	TOS8
Ubx	HOX-related	Homeo	Ubx
Ascl2_2	Helix-Loop-Helix	Zipper-Type	Ascl2
cad	HOX-related	Homeo	cad
LM215	unknown	Unknown	unknown
CIN5	unknown	Basic	CIN5
Arid5a_2	Arid	Helix-Turn-Helix	unknown
ZBTB18	More	C2H2	ZBTB18
ces-2	unknown	Basic	ces-2
TFAP2B(var.3)	AP-2	Basic	TFAP2B
Lef1_1	High	Other	Lef1
STB3	unknown	unknown	STB3
BCL6B	More	C2H2	BCL6B
HAL9	unknown	C6	HAL9
LM23	unknown	Unknown	unknown
Tcfap2c_1	Helix-Loop-Helix	Zipper-Type	Tfap2c
Arntl	PAS	Basic	Arntl
hb	Factors	C2H2	hb
HOXC12	HOX-related	Homeo	HOXC12
LM220	unknown	Unknown	unknown
SOX4	SOX-related	High-mobility	SOX4
Tcf7	TCF-7-related	Basic	Tcf7
WRKY15	unknown	WRKY	WRKY15
CG11617	unknown	Homeo	Mkx
CTTTAAR	unknown	Unknown	unknown
GATAAGR	unknown	Unknown	unknown
RRCCGTTA	unknown	Unknown	unknown
LYS14	unknown	C6	LYS14
TCP23	TCP	Basic	TCP23
Sp4_1	BetaBetaAlpha-zinc	Zinc-coordinating	Sp4
Lhx1	Homeo	Helix-Turn-Helix	Lhx1
Hmx2	NK-related	Homeo	Hmx2
Bsx	Homeo	Helix-Turn-Helix	Bsx
GC-box	unknown	Unknown	unknown
ara	TALE-type	Homeo	ara
LM59	unknown	Unknown	unknown
LEF1	TCF-7-related	High-mobility	LEF1
Gata3_1	GATA	Zinc-coordinating	Gata3
BHLHE22	Tal-related	Basic	BHLHE22
OTX1	Paired-related	Homeo	OTX1
FLC	unknown	MADS	FLC
MET28	unknown	Basic	MET28
NFYB	Heteromeric	Heteromeric	NFYB
OJ1581_H09.2	TCP	Basic	Os02g0635800
Abd-B	HOX-related	Homeo	Abd-B
ZIC3	More	C2H2	ZIC3
CAD1	unknown	Basic	CAD1
MNB1A	Dof-type	C2H2	MNB1A
KAN1	Myb/SANT	Tryptophan	KAN1
vnd	NK-related	Homeo	vnd
ZBTB7C	More	C2H2	ZBTB7C
ISX	Paired-related	Homeo	ISX
Spi1	Ets	Winged	Spi1
Hbp1_1	High	Other	Hbp1
DAL81	unknown	C6	DAL81
EVX2	HOX-related	Homeo	EVX2
mxl-3	Helix-Loop-Helix	Zipper-type	mxl-3
OPI1	unknown	unknown	OPI1
Hmx	NK-related	Homeo	Hmx
schlank	unknown	Homeo	schlank
ARNT::HIF1A	PAS	Basic	HIF1A
Gbx2	Homeo	Helix-Turn-Helix	Gbx2
Pitx2	Homeo	Helix-Turn-Helix	Pitx2
Hoxc4	Homeo	Helix-Turn-Helix	Hoxc4
DMRT3	DMRT	DM-type	DMRT3
unpg	unknown	Homeo	unpg
Sox7_1	High	Other	Sox7
LM54	unknown	Unknown	unknown
UPC2	unknown	C6	UPC2
KMCATNNWGGA	unknown	Unknown	unknown
Klf7_1	BetaBetaAlpha-zinc	Zinc-coordinating	Klf7
Tcfap2e_1	Helix-Loop-Helix	Zipper-Type	Tfap2e
GATA5	GATA-type	Other	GATA5
HAP1	unknown	C6	HAP1
AACTTT	unknown	Unknown	unknown
Pax2	Paired	Paired	Pax2
NFATC1	NFAT-related	Rel	NFATC1
LM15	unknown	Unknown	unknown
LM207	unknown	Unknown	unknown
TCCATTKW	unknown	Unknown	unknown
LM125	unknown	Unknown	unknown
YWATTWNNRGCT	unknown	Unknown	unknown
NHP6A	unknown	High-mobility	NHP6A
Tcfap2a_1	Helix-Loop-Helix	Zipper-Type	Tfap2a
MCAATNNNNNGCG	unknown	Unknown	unknown
CCAWNWWNNNGGC	unknown	Unknown	unknown
HINFP	Factors	C2H2	HINFP
PIF5	unknown	Basic	PIF5
SPDEF	Ets-related	Tryptophan	SPDEF
WTTGKCTG	unknown	Unknown	unknown
UNCX	Paired-related	Homeo	UNCX
LM151	unknown	Unknown	unknown
ovo	More	C2H2	ovo
Rarb(var.2)	Thyroid	Nuclear	Rarb
OLIG3	Tal-related	Basic	OLIG3
HAP5	Heteromeric	Heteromeric	HAP5
Rara_2	Hormone-nuclear	Zinc-coordinating	Rara
Tcfl5	PAS	Basic	Tcfl5
SNT2	Myb/SANT	Tryptophan	SNT2
MAFF	Maf-related	Basic	MAFF
GATA3	GATA-type	Other	GATA3
MSX2	NK-related	Homeo	MSX2
TFCP2	CP2-related	Grainyhead	TFCP2
id1	unknown	C2H2	id1
Obox1	Homeo	Helix-Turn-Helix	Obox1
Ets21C	Ets-related	Tryptophan	Ets21C
LM171	unknown	Unknown	unknown
LM172	unknown	Unknown	unknown
GATA1::TAL1	Tal-related	Basic	TAL1
DOF5.6	Dof-type	C2H2	DOF5.6
Spdef_1	Ets	Winged	Spdef
Isl2	Homeo	Helix-Turn-Helix	Isl2
Sox1_1	High	Other	Sox1
RCGCANGCGY	unknown	Unknown	unknown
LM123	unknown	Unknown	unknown
LM30	unknown	Unknown	unknown
WRKY63	unknown	WRKY	WRKY63
Mafb_1	Leucine	Zipper-Type	Mafb
INSM1	Factors	C2H2	INSM1
dpy-27	unknown	unknown	dpy-27
LM164	unknown	Unknown	unknown
Nkx2-6	Homeo	Helix-Turn-Helix	Nkx2-6
LM24	unknown	Unknown	unknown
MET4	unknown	Basic	MET4
LM17	unknown	Unknown	unknown
LM217	unknown	Unknown	unknown
Zfp410_1	BetaBetaAlpha-zinc	Zinc-coordinating	Znf410
LM136	unknown	Unknown	unknown
sd	unknown	TEA	sd
Max_1	Helix-Loop-Helix	Zipper-Type	Max
SEP1	unknown	MADS	SEP1
PHD1	unknown	APSES-type	PHD1
ESRRB	Steroid	Nuclear	ESRRB
LM82	unknown	Unknown	unknown
Rfx3_2	RFX	Winged	Rfx3
so	HD-SINE	Homeo	so
Hmx3	NK-related	Homeo	Hmx3
LM157	unknown	Unknown	unknown
LM79	unknown	Unknown	unknown
LM187	unknown	Unknown	unknown
CUX2	HD-CUT	Homeo	CUX2
NR3C1	Steroid	Nuclear	NR3C1
LM120	unknown	Unknown	unknown
INO2	unknown	Basic	INO2
br(var.2)	Other	C2H2	br
DBP	C/EBP-related	Basic	DBP
JUND(var.2)	Jun-related	Basic	JUND
LM78	unknown	Unknown	unknown
AAAYWAACM	unknown	Unknown	unknown
CCCNNGGGAR	unknown	Unknown	unknown
Pax5	Homeo	Helix-Turn-Helix	Pax5
GBX2	HOX-related	Homeo	GBX2
GRHL1	Grainyhead-related	Grainyhead	GRHL1
GLIS1	More	C2H2	GLIS1
TGTTTGY	unknown	Unknown	unknown
EmBP-1	unknown	Basic	unknown
HEY1	Hairy-related	Basic	HEY1
Foxj3	Forkhead	Fork	Foxj3
PBX1	TALE-type	Homeo	PBX1
Klf4	Three-zinc	C2H2	Klf4
LM182	unknown	Unknown	unknown
SPL8	unknown	SBP-type	SPL8
Esrrg	Steroid	Nuclear	Esrrg
SUT2	unknown	C6	SUT2
hlh-2::hlh-4	Helix-Loop-Helix	Zipper-type	unknown
Cux1_1	Homeo	Helix-Turn-Helix	Cux1
TFE3	bHLH-ZIP	Basic	TFE3
DRE1C	AP2	Beta-Hairpin-Ribbon	DREB1C
Sox1	SOX-related	High-mobility	Sox1
Zic1_1	BetaBetaAlpha-zinc	Zinc-coordinating	Zic1
LM108	unknown	Unknown	unknown
JUN(var.2)	Jun-related	Basic	JUN
Pknox2	Homeo	Helix-Turn-Helix	Pknox2
PHO2	unknown	Homeo	PHO2
LM55	unknown	Unknown	unknown
TAATTA	unknown	Unknown	unknown
NHP10	unknown	High-mobility	NHP10
ARF8	unknown	B3	ARF8
WWTAAGGC	unknown	Unknown	unknown
TGTYNNNNNRGCARM	unknown	Unknown	unknown
Lhx6_2	Homeo	Helix-Turn-Helix	Lhx6
XCPE1	unknown	Unknown	unknown
ind	unknown	Homeo	ind
Stat5a::Stat5b	STAT	STAT	Stat5b
E2F2_2	E2F	Winged	E2f2
LM212	unknown	Unknown	unknown
LM107	unknown	Unknown	unknown
Bbx_1	High	Other	Bbx
Foxj3_1	Forkhead	Winged	Foxj3
Deaf1	DEAF	SAND	Deaf1
POU4F1	POU	Homeo	POU4F1
Sox17_2	High	Other	Sox17
LM210	unknown	Unknown	unknown
TDA9	Other	C2H2	TDA9
LM32	unknown	Unknown	unknown
TFAP2B	AP-2	Basic	TFAP2B
PI	unknown	MADS	PI
Nr2f6(var.2)	RXR-related	Nuclear	Nr2f6
CDX1	HOX-related	Homeo	CDX1
Hoxc10	Homeo	Helix-Turn-Helix	Hoxc10
hlh-1	unknown	Basic	hlh-1
Prrx1	Homeo	Helix-Turn-Helix	Prrx1
YAATNANRNNNCAG	unknown	Unknown	unknown
HMG-1	unknown	High-mobility	unknown
NFATC3	NFAT-related	Rel	NFATC3
RUNX2	Runt-related	Runt	RUNX2
TTANTCA	unknown	Unknown	unknown
POU6F2	POU	Homeo	POU6F2
PHYPADRAFT_72483	unknown	Basic	PHYPADRAFT_72483
DREB1E	unknown	AP2/ERF	DREB1E
Rarg(var.2)	Thyroid	Nuclear	Rarg
Glis2_2	BetaBetaAlpha-zinc	Zinc-coordinating	unknown
USF1	bHLH-ZIP	Basic	USF1
PEND	unknown	unknown	PEND
ERF105	unknown	AP2/ERF	ERF105
LM197	unknown	Unknown	unknown
hkb	unknown	C2H2	hkb
OTX2	Paired-related	Homeo	OTX2
LM173	unknown	Unknown	unknown
RFX3	RFX-related	Fork	RFX3
LM184	unknown	Unknown	unknown
MEIS3	TALE-type	Homeo	MEIS3
Alx1_2	Homeo	Helix-Turn-Helix	Alx1
ZBTB33	Other	C2H2	ZBTB33
TMTCGCGANR	unknown	Unknown	unknown
LM77	unknown	Unknown	unknown
GTGGGTGK	unknown	Unknown	unknown
GATA8	GATA-type	Other	GATA8
BIM1	unknown	Basic	BIM1
PKNOX2	TALE-type	Homeo	PKNOX2
CAGNYGKNAAA	unknown	Unknown	unknown
lms	unknown	Homeo	lms
Tcf7_1	High	Other	Tcf7
caup	TALE-type	Homeo	caup
NK7.1	NK-related	Homeo	NK7.1
LM10	unknown	Unknown	unknown
CCANNAGRKGGC	unknown	Unknown	unknown
AGL27	unknown	MADS	AGL27
ZNF143	More	C2H2	ZNF143
SPIB	Ets-related	Tryptophan	SPIB
Nkx3-1_2	Homeo	Helix-Turn-Helix	Nkx3-1
ftz	HOX-related	Homeo	ftz
eve	HOX-related	Homeo	eve
PPARG	Thyroid	Nuclear	PPARG
Obox6	Homeo	Helix-Turn-Helix	Obox6
YTATTTTNR	unknown	Unknown	unknown
LM192	unknown	Unknown	unknown
MEOX2	HOX-related	Homeo	MEOX2
LM93	unknown	Unknown	unknown
Spz1	unknown	Basic	Spz1
TGCCAAR	unknown	Unknown	unknown
LM130	unknown	Unknown	unknown
pnr	GATA-type	Other	pnr
Lmx1b	Homeo	Helix-Turn-Helix	Lmx1b
CREB3	CREB-related	Basic	CREB3
E2F3_1	E2F	Winged	E2f3
NFKB2	NF-kappaB-related	Rel	NFKB2
Six4	Homeo	Helix-Turn-Helix	Six4
CRF2	unknown	AP2/ERF	CRF2
LM153	unknown	Unknown	unknown
LM128	unknown	Unknown	unknown
PHOX2A	Paired-related	Homeo	PHOX2A
CHA4	unknown	C6	CHA4
PHYPADRAFT_48267	unknown	Basic	PHYPADRAFT_48267
INO4	unknown	Basic	INO4
Tcf1	Homeo	Helix-Turn-Helix	Hnf1a
LM92	unknown	Unknown	unknown
Lef1_2	High	Other	Lef1
SOK2	unknown	APSES-type	SOK2
tin	unknown	Homeo	tin
ATHB-6	HD-ZIP	Homeo	ATHB-6
JUNB	Jun-related	Basic	JUNB
Tcf7l2_1	High	Other	Tcf7l2
SCRT2	More	C2H2	SCRT2
MAX	bHLH-ZIP	Basic	MAX
FOXA1	Forkhead	Fork	FOXA1
Stat92E	STAT	STAT	Stat92E
SPL4	unknown	SBP-type	SPL4
TTTNNANAGCYR	unknown	Unknown	unknown
GCANCTGNY	unknown	Unknown	unknown
Gata5_1	GATA	Zinc-coordinating	Gata5
hlh-2::hlh-15	Helix-Loop-Helix	Zipper-type	hlh-15
PHYPADRAFT_28324	unknown	AP2/ERF	PHYPADRAFT_28324
FKH1	Forkhead	Fork	FKH1
GATA12	GATA-type	Other	GATA12
RARA	Thyroid	Nuclear	RARA
THI2	unknown	C6	THI2
Zic2_1	BetaBetaAlpha-zinc	Zinc-coordinating	Zic2
E2F1	E2F-related	Fork	E2F1
Osr2_1	BetaBetaAlpha-zinc	Zinc-coordinating	Osr2
Arid5a	ARID-related	ARID	Arid5a
RNTCANNRNNYNATTW	unknown	Unknown	unknown
EGR1	Three-zinc	C2H2	EGR1
SOX8	SOX-related	High-mobility	SOX8
YAP5	unknown	Basic	YAP5
Eip74EF	Ets-related	Tryptophan	Eip74EF
HSF2	HSF	Heat	HSF2
HOXB13	HOX-related	Homeo	HOXB13
Forkhead	unknown	Forkhead	unknown
RDR1	unknown	C6	RDR1
LM73	unknown	Unknown	unknown
NAC055	unknown	NAC/NAM	NAC055
HLTF	Myb/SANT	Tryptophan	HLTF
FOXC2	Forkhead	Fork	FOXC2
PKNOX1	TALE-type	Homeo	PKNOX1
TGIF2	TALE-type	Homeo	TGIF2
E2F8	E2F-related	Fork	E2F8
WTGAAAT	unknown	Unknown	unknown
ACTWSNACTNY	unknown	Unknown	unknown
YAP3	unknown	Basic	YAP3
ZEB1	HD-ZF	Homeo	ZEB1
OAF1	unknown	C6	OAF1
EBF1	Early	Rel	EBF1
Phox2a	Homeo	Helix-Turn-Helix	Phox2a
GGGAGGRR	unknown	Unknown	unknown
Gmeb1_1	Sand	Other	Gmeb1
E5	unknown	Homeo	E5
Smad3_2	MH1	Zinc-coordinating	Smad3
Six2	Homeo	Helix-Turn-Helix	Six2
CEP3	unknown	C6	CEP3
Irf6_2	IRF	Winged	Irf6
GGCKCATGS	unknown	Unknown	unknown
Klf7_2	BetaBetaAlpha-zinc	Zinc-coordinating	Klf7
odd	More	C2H2	odd
CUP2	unknown	Copper-fist	CUP2
Pdx1	Homeo	Helix-Turn-Helix	Pdx1
HGTX	NK-related	Homeo	HGTX
Srebf1(var.2)	bHLH-ZIP	Basic	Srebf1
ECM23	GATA-type	Other	ECM23
Dlx4	NK-related	Homeo	Dlx4
NHLH1	Tal-related	Basic	NHLH1
su(Hw)	Factors	C2H2	su(Hw)
Osr1_2	BetaBetaAlpha-zinc	Zinc-coordinating	Osr1
ARF3	unknown	B3	ARF3
PHYPADRAFT_143875	unknown	Basic	PHYPADRAFT_143875
SRF	Responders	MADS	SRF
LM16	unknown	Unknown	unknown
GGGCGGR	unknown	Unknown	unknown
MYAATNNNNNNNGGC	unknown	Unknown	unknown
otp	Paired-related	Homeo	otp
LM112	unknown	Unknown	unknown
CCAATNNSNNNGCG	unknown	Unknown	unknown
TBF1	Myb/SANT	Tryptophan	TBF1
NFIC	Nuclear	SMAD/NF-1	NFIC
Hoxa2	Homeo	Helix-Turn-Helix	Hoxa2
che-1	More	C2H2	che-1
MOT3	Other	C2H2	MOT3
CG15696-RA	unknown	Homeo	Dmel\CG15696
LM232	unknown	Unknown	unknown
br(var.3)	Other	C2H2	br
MLXIPL	bHLH-ZIP	Basic	MLXIPL
Foxj1_1	Forkhead	Winged	Foxj1
LM221	unknown	Unknown	unknown
Myb	Myb/SANT	Tryptophan	Myb
LBX1	NK-related	Homeo	LBX1
Sox4_1	High	Other	SOX4
POU1F1	POU	Homeo	POU1F1
BARHL2	NK-related	Homeo	BARHL2
STAT1::STAT2	STAT	STAT	STAT2
LM89	unknown	Unknown	unknown
B-H1	HOX-related	Homeo	B-H1
LM229	unknown	Unknown	unknown
NAC025	unknown	NAC/NAM	NAC025
YAP1	unknown	Basic	YAP1
Vsx1	Homeo	Helix-Turn-Helix	Vsx1
SCGGAAGY	unknown	Unknown	unknown
GLIS3	More	C2H2	GLIS3
Kr	More	C2H2	Kr
Nkx2-4	Homeo	Helix-Turn-Helix	Nkx2-4
TGACCTY	unknown	Unknown	unknown
Myf6_2	Helix-Loop-Helix	Zipper-Type	Myf6
AZF1	unknown	C2H2	AZF1
FOXD1	Forkhead	Fork	FOXD1
T	Brachyury-related	T-Box	T
SOX9	SOX-related	High-mobility	SOX9
Dbx1	Homeo	Helix-Turn-Helix	Dbx1
vvl	POU	Homeo	vvl
Alx3	Homeo	Helix-Turn-Helix	Alx3
Awh	unknown	Homeo	Awh
ZNF740	Other	C2H2	ZNF740
PPARG::RXRA	Hormone-nuclear	Zinc-coordinating	PPARG
ELK1	Ets-related	Tryptophan	ELK1
Lhx4	HD-LIM	Homeo	Lhx4
YATTNATC	unknown	Unknown	unknown
oc	Paired-related	Homeo	oc
Dlx5	Homeo	Helix-Turn-Helix	Dlx5
LM143	unknown	Unknown	unknown
CST6	unknown	Basic	CST6
BHLHE23	Tal-related	Basic	BHLHE23
ZIC1	More	C2H2	ZIC1
repo	unknown	Homeo	repo
NFAT5	NFAT-related	Rel	unknown
Hoxd13	Homeo	Helix-Turn-Helix	Hoxd13
CEBPE	C/EBP-related	Basic	CEBPE
RME1	Factors	C2H2	RME1
MEF2B	Regulators	MADS	MEF2B
TTAYRTAA	unknown	Unknown	unknown
TTANWNANTGGM	unknown	Unknown	unknown
TGACAGNY	unknown	Unknown	unknown
slou	NK-related	Homeo	slou
YTAATTAA	unknown	Unknown	unknown
myb.Ph3	Myb/SANT	Tryptophan	myb.Ph3
Irx2	Homeo	Helix-Turn-Helix	Irx2
RDS2	unknown	C6	RDS2
ATGGYGGA	unknown	Unknown	unknown
Ptx1	Paired-related	Homeo	Ptx1
Nkx3-2	Homeo	Helix-Turn-Helix	Nkx3-2
SOC1	unknown	MADS	SOC1
PLAG1	More	C2H2	PLAG1
LM168	unknown	Unknown	unknown
LM61	unknown	Unknown	unknown
LM230	unknown	Unknown	unknown
ELF4	Ets-related	Tryptophan	ELF4
LM145	unknown	Unknown	unknown
RAP1	Myb/SANT	Tryptophan	RAP1
Hoxc8	Homeo	Helix-Turn-Helix	Hoxc8
Jundm2_2	Leucine	Zipper-Type	Jdp2
Otx2	Homeo	Helix-Turn-Helix	Otx2
FHY3	unknown	SWIM-type	FHY3
LM195	unknown	Unknown	unknown
Hoxc12	Homeo	Helix-Turn-Helix	Hoxc11
Rxra_1	Hormone-nuclear	Zinc-coordinating	Rxra
ZNF354C	More	C2H2	ZNF354C
NCU00019	Forkhead	Fork	NCU00019
Myb_1	Myb	Helix-Turn-Helix	Myb
SPT23	unknown	unknown	SPT23
TCANNTGAY	unknown	Unknown	unknown
LM80	unknown	Unknown	unknown
TFAP2C	AP-2	Basic	TFAP2C
WRKY62	unknown	WRKY	WRKY62
YLL054C	unknown	C6	YLL054C
DCE_S_III	unknown	Unknown	unknown
LM1	unknown	Unknown	unknown
LM218	unknown	Unknown	unknown
Atoh1	Tal-related	Basic	Atoh1
NAC083	unknown	NAC/NAM	NAC083
RGAGGAARY	unknown	Unknown	unknown
Ehf_1	Ets	Winged	unknown
LM12	unknown	Unknown	unknown
lbl	unknown	Homeo	lbl
HMRA2	TALE-type	Homeo	HMRA2
RSC30	unknown	C6	RSC30
GGAANCGGAANY	unknown	Unknown	unknown
Nkx6-1_1	Homeo	Helix-Turn-Helix	Nkx6-1
Barx2	Homeo	Helix-Turn-Helix	Barx2
GAT3	GATA-type	Other	GAT3
Otp	Homeo	Helix-Turn-Helix	Otp
Sox30_1	High	Other	Sox30
POU4F3	POU	Homeo	POU4F3
LM3	unknown	Unknown	unknown
Rhox11_1	Homeo	Helix-Turn-Helix	Rhox11
Klf1	Three-zinc	C2H2	Klf1
NR3C2	Steroid	Nuclear	NR3C2
Ehf_2	Ets	Winged	unknown
Sp100_1	Sand	Other	Sp100
Gam1	Myb/SANT	Tryptophan	Gam1
Gfi1b	More	C2H2	Gfi1b
Hlx	Homeo	Helix-Turn-Helix	Hlx
Hoxb6	Homeo	Helix-Turn-Helix	Hoxb6
PDX1	HOX-related	Homeo	PDX1
Pou2f2	Homeo	Helix-Turn-Helix	Pou2f2
TEA1	unknown	C6	TEA1
CDC5	Myb/SANT	Tryptophan	CDC5
LM147	unknown	Unknown	unknown
SP3	Three-zinc	C2H2	SP3
ONECUT3	HD-CUT	Homeo	ONECUT3
Erg	ETS	Winged	Erg
TGA5	unknown	Basic	TGA5
HAT5	unknown	Homeo	HAT5
CDX2	HOX-related	Homeo	CDX2
LM58	unknown	Unknown	unknown
CRF4	unknown	AP2/ERF	CRF4
LM63	unknown	Unknown	unknown
RGAANNTTC	unknown	Unknown	unknown
Ar	Steroid	Nuclear	Ar
VSX2	Paired-related	Homeo	VSX2
ERF1B	unknown	AP2/ERF	ERF1B
LM97	unknown	Unknown	unknown
TFEB	bHLH-ZIP	Basic	TFEB
TCCCRNNRTGC	unknown	Unknown	unknown
LM86	unknown	Unknown	unknown
Zfp410_2	BetaBetaAlpha-zinc	Zinc-coordinating	Znf410
RXRG	RXR-related	Nuclear	RXRG
LM36	unknown	Unknown	unknown
RTTTNNNYTGGM	unknown	Unknown	unknown
pan	unknown	High-mobility	pan
btn	unknown	Homeo	btn
Hoxb3	Homeo	Helix-Turn-Helix	Hoxb3
Rfx4_1	RFX	Winged	unknown
Nkx2-2	Homeo	Helix-Turn-Helix	Nkx2-2
C15	unknown	Homeo	C15
Six1	Homeo	Helix-Turn-Helix	Six1
ATHB-16	HD-ZIP	Homeo	ATHB-16
Sox12_1	High	Other	Sox12
at_AC_acceptor	unknown	Unknown	unknown
Prrx2	Paired-related	Homeo	Prrx2
Foxl1_2	Forkhead	Winged	Foxl1
ATF4	ATF-4-related	Basic	ATF4
LM35	unknown	Unknown	unknown
Lhx5	Homeo	Helix-Turn-Helix	Lhx5
SCRT1	More	C2H2	SCRT1
KLF13	Three-zinc	C2H2	KLF13
LM88	unknown	Unknown	unknown
JDP2	Fos-related	Basic	JDP2
Sox4_2	High	Other	SOX4
Rx	Paired-related	Homeo	Rx
YER130C	Other	C2H2	YER130C
Dbx	unknown	Homeo	Dbx
Mybl1_2	Myb	Helix-Turn-Helix	Mybl1
D	unknown	High-mobility	D
En1	Homeo	Helix-Turn-Helix	En1
Tcf7_2	High	Other	Tcf7
mix-a	Paired-related	Homeo	mix-a
LFY	unknown	unknown	LFY
LM95	unknown	Unknown	unknown
WRKY25	unknown	WRKY	WRKY25
Tcf3_1	High	Other	Tcf7l1
Zbtb3_2	BetaBetaAlpha-zinc	Zinc-coordinating	Zbtb3
squamosa	unknown	MADS	squamosa
NRL	Maf-related	Basic	NRL
LM202	unknown	Unknown	unknown
LM60	unknown	Unknown	unknown
LM144	unknown	Unknown	unknown
Plagl1_1	BetaBetaAlpha-zinc	Zinc-coordinating	Plagl1
Rhox6	Homeo	Helix-Turn-Helix	Rhox6
Rarb	Thyroid	Nuclear	Rarb
Sfpi1_1	Ets	Winged	Spi1
ABF1	unknown	Basic	ABF1
Myf6_1	Helix-Loop-Helix	Zipper-Type	Myf6
WRKY18	unknown	WRKY	WRKY18
Nkx2-5(var.2)	NK-related	Homeo	Nkx2-5
Tbp_1	TATA-binding	Beta-sheet	Tbp
Vax1	Homeo	Helix-Turn-Helix	Vax1
Pou6f1_1	Homeo	Helix-Turn-Helix	Pou6f1
LM222	unknown	Unknown	unknown
ceh-10::ttx-3	HD-LIM	Homeo	ttx-3
XBP1	XBP-1-related	Basic	XBP1
Esrrb	Hormone-nuclear	Zinc-coordinating	Esrrb
ELF5	Ets-related	Tryptophan	ELF5
Bhlhb2_1	Helix-Loop-Helix	Zipper-Type	Bhlhe40
Hoxb8	Homeo	Helix-Turn-Helix	Hoxb8
Creb3l2	CREB-related	Basic	Creb3l2
Gata1	GATA-type	Other	Gata1
FOXI1	Forkhead	Fork	FOXI1
Hoxa13	Homeo	Helix-Turn-Helix	Hoxa13
DREB1A	unknown	AP2/ERF	DREB1A
LM183	unknown	Unknown	unknown
YRCCAKNNGNCGC	unknown	Unknown	unknown
Zbtb12_1	BetaBetaAlpha-zinc	Zinc-coordinating	Zbtb12
WRKY75	unknown	WRKY	WRKY75
Dr	NK-related	Homeo	Dr
ARG80	unknown	MADS	ARG80
TCP4	TCP	Basic	TCP4
Nuclear	unknown	Nuclear	unknown
GCM2	GCM	GCM	GCM2
MYB46	Myb/SANT	Tryptophan	MYB46
LM4	unknown	Unknown	unknown
Bcl6b_2	BetaBetaAlpha-zinc	Zinc-coordinating	Bcl6b
Osr2_2	BetaBetaAlpha-zinc	Zinc-coordinating	Osr2
EVX1	HOX-related	Homeo	EVX1
Rxra_2	Hormone-nuclear	Zinc-coordinating	Rxra
LM129	unknown	Unknown	unknown
LM231	unknown	Unknown	unknown
LM198	unknown	Unknown	unknown
Sry_2	High	Other	Sry
MZF1	More	C2H2	MZF1
RLM1	Regulators	MADS	RLM1
RUNX3	Runt-related	Runt	RUNX3
BZIP60	unknown	Basic	BZIP60
CTGYNNCTYTAA	unknown	Unknown	unknown
Zbtb7b_1	BetaBetaAlpha-zinc	Zinc-coordinating	Zbtb7b
Foxo1	Forkhead	Fork	Foxo1
MIG2	Other	C2H2	MIG2
CGGAARNGGCNG	unknown	Unknown	unknown
MZF1(var.2)	More	C2H2	MZF1
hlh-30	Helix-Loop-Helix	Zipper-type	unknown
LM113	unknown	Unknown	unknown
TBR1	TBrain-related	T-Box	TBR1
ISL2	HD-LIM	Homeo	ISL2
YGR067C	Other	C2H2	YGR067C
MSC	Tal-related	Basic	MSC
Sox18_1	High	Other	Sox18
Srf_1	MADS	Other	Srf
Atf1_2	Leucine	Zipper-Type	Atf1
CMTA3	unknown	CG-1	CAMTA3
NR2C2	RXR-related	Nuclear	NR2C2
LM185	unknown	Unknown	unknown
Tcfap2a_2	Helix-Loop-Helix	Zipper-Type	Tfap2a
Mecom	Factors	C2H2	Mecom
Su(H)	unknown	unknown	Su(H)
Arnt	PAS	Basic	Arnt
CEBPD	C/EBP-related	Basic	CEBPD
LM45	unknown	Unknown	unknown
PUT3	unknown	C6	PUT3
RAP2-6	unknown	AP2/ERF	RAP2-6
JDP2(var.2)	Fos-related	Basic	JDP2
Jundm2_1	Leucine	Zipper-Type	Jdp2
LM29	unknown	Unknown	unknown
TGACGTCA	unknown	Unknown	unknown
ARR14	Myb/SANT	Tryptophan	ARR14
Hic1	Factors	C2H2	Hic1
Gata3_2	GATA	Zinc-coordinating	Gata3
Glis2_1	BetaBetaAlpha-zinc	Zinc-coordinating	unknown
ERF109	unknown	AP2/ERF	ERF109
pb	HOX-related	Homeo	pb
Tcf1_2	Homeo	Helix-Turn-Helix	Hnf1a
TP63	p53-related	p53	TP63
Hoxb5	HOX-related	Homeo	Hoxb5
z	unknown	unknown	z
HNF1B	POU	Homeo	HNF1B
JUN	Jun-related	Basic	JUN
LM37	unknown	Unknown	unknown
FOXP1	Forkhead	Fork	FOXP1
GSM1	unknown	C6	GSM1
Tcf3	High	Other	Tcf7l1
Pax7	Homeo	Helix-Turn-Helix	Pax7
Lhx3	Homeo	Helix-Turn-Helix	Lhx3
STAT1	STAT	STAT	STAT1
Barhl1	NK-related	Homeo	Barhl1
unc-62	TALE-type	Homeo	unc-62
vab-7	HOX-related	Homeo	vab-7
Sry_1	High	Other	Sry
LM42	unknown	Unknown	unknown
Sox15_2	High	Other	Sox15
MSN4	Other	C2H2	MSN4
SUM1	unknown	A.T	SUM1
DOF1.8	Dof-type	C2H2	DOF1.8
GLI2	More	C2H2	GLI2
LM193	unknown	Unknown	unknown
ATHB-15	HD-ZIP	Homeo	ATHB-15
GABPA	Ets	Winged	GABPA
RTAAACA	unknown	Unknown	unknown
VENTX	NK-related	Homeo	VENTX
ERF069	unknown	AP2/ERF	ERF069
Cphx	Homeo	Helix-Turn-Helix	Cphx3
Hmx1	NK-related	Homeo	Hmx1
TGACATY	unknown	Unknown	unknown
LM155	unknown	Unknown	unknown
PHYPADRAFT_38837	Dof-type	C2H2	PHYPADRAFT_38837
MAFK	Maf-related	Basic	MAFK
RAV1	unknown	AP2/ERF	RAV1
RREB1	Factors	C2H2	RREB1
RNCTGNYNRNCTGNY	unknown	Unknown	unknown
Vdr	Thyroid	Nuclear	Vdr
LM152	unknown	Unknown	unknown
Atf1_1	Leucine	Zipper-Type	Atf1
CG32532	unknown	Homeo	Dmel\CG32532
Sox7_2	High	Other	Sox7
en	NK-related	Homeo	en
MYB24	Myb/SANT	Tryptophan	MYB24
Pph13	unknown	Homeo	Pph13
RAAGNYNNCTTY	unknown	Unknown	unknown
Pax6	Homeo	Helix-Turn-Helix	Pax6
LM85	unknown	Unknown	unknown
RACCACAR	unknown	Unknown	unknown
LM50	unknown	Unknown	unknown
Pou3f4	Homeo	Helix-Turn-Helix	Pou3f4
ETV4	Ets-related	Tryptophan	ETV4
FLI1	Ets-related	Tryptophan	FLI1
GAANYNYGACNY	unknown	Unknown	unknown
NRG1	Other	C2H2	NRG1
Myb_2	Myb	Helix-Turn-Helix	Myb
GCCNNNWTAAR	unknown	Unknown	unknown
GTGACGY	unknown	Unknown	unknown
TBS1	unknown	C6	TBS1
lin-14	unknown	unknown	lin-14
Nr5a2	FTZ-F1-related	Nuclear	Nr5a2
MET31	unknown	C2H2	MET31
Esrra_2	Hormone-nuclear	Zinc-coordinating	Esrra
RGTTAMWNATT	unknown	Unknown	unknown
onecut	HD-CUT	Homeo	onecut
abd-A	HOX-related	Homeo	abd-A
Irx5	Homeo	Helix-Turn-Helix	Irx5
RAP2-3	unknown	AP2/ERF	RAP2-3
MEIS1	TALE-type	Homeo	MEIS1
Irf5_1	IRF	Winged	Irf5
LM48	unknown	Unknown	unknown
LM111	unknown	Unknown	unknown
LM160	unknown	Unknown	unknown
RYTGCNNRGNAAC	unknown	Unknown	unknown
ARR11	Myb/SANT	Tryptophan	ARR11
Nr1h3::Rxra	RXR-related	Nuclear	Rxra
Sp100_2	Sand	Other	Sp100
Barhl2	Homeo	Helix-Turn-Helix	Barhl2
YNR063W	unknown	C6	YNR063W
LM122	unknown	Unknown	unknown
AIB	unknown	Basic	AIB
Rhox11_2	Homeo	Helix-Turn-Helix	Rhox11
HMRA1	unknown	Homeo	HMRA1
MYC3	unknown	Basic	MYC3
BEE2	unknown	Basic	BEE2
LM114	unknown	Unknown	unknown
LM167	unknown	Unknown	unknown
TAL1::TCF3	E2A-related	Basic	TCF3
TFAP2B(var.2)	AP-2	Basic	TFAP2B
TCF3	E2A-related	Basic	TCF3
Lim3	HD-LIM	Homeo	Lim3
MSN2	Other	C2H2	MSN2
LM38	unknown	Unknown	unknown
HOXA5	HOX-related	Homeo	HOXA5
GGGTGGRR	unknown	Unknown	unknown
BATF3	B-ATF-related	Basic	BATF3
IME1	unknown	unknown	IME1
CTGRYYYNATT	unknown	Unknown	unknown
ERT1	unknown	C6	ERT1
DOF2.4	Dof-type	C2H2	DOF2.4
POU3F4	POU	Homeo	POU3F4
Lbx2	Homeo	Helix-Turn-Helix	unknown
kni	unknown	Nuclear	kni
GTTGNYNNRGNAAC	unknown	Unknown	unknown
Meis1	Homeodomain	Helix-Turn-Helix	Meis1
usp	unknown	Nuclear	usp
AGL15	unknown	MADS	AGL15
LM225	unknown	Unknown	unknown
MYB3	Myb/SANT	Tryptophan	MYB3
Atf3	Fos-related	Basic	Atf3
LM83	unknown	Unknown	unknown
h	Helix-Loop-Helix	Zipper-type	h
EGR4	Three-zinc	C2H2	EGR4
MET32	Other	C2H2	MET32
gt	unknown	Basic	gt
TGA1A	unknown	Basic	TGA1A
LM67	unknown	Unknown	unknown
PRDM1	More	C2H2	PRDM1
Mtf1_1	BetaBetaAlpha-zinc	Zinc-coordinating	Mtf1
GATA10	GATA-type	Other	GATA10
ATHB-7	HD-ZIP	Homeo	ATHB-7
unc-86	POU	Homeo	unc-86
LM142	unknown	Unknown	unknown
ACTAYRNNNCCCR	unknown	Unknown	unknown
LM177	unknown	Unknown	unknown
GATA9	GATA-type	Other	GATA9
Sox1_2	High	Other	Sox1
Rhox11	Paired-related	Homeo	Rhox11
Cdx2	Homeo	Helix-Turn-Helix	Cdx2
GCTNWTTGK	unknown	Unknown	unknown
Nkx2-9	Homeo	Helix-Turn-Helix	Nkx2-8
Mafk_2	Leucine	Zipper-Type	Mafk
Sox8_2	High	Other	Sox8
E2F2	E2F-related	Fork	E2F2
TBX21	TBrain-related	T-Box	TBX21
WGTTNNNNNAAA	unknown	Unknown	unknown
Isx	Homeo	Helix-Turn-Helix	Isx
Tcfap2c_2	Helix-Loop-Helix	Zipper-Type	Tfap2c
Gabpa_2	Ets	Winged	Gabpa
DLX6	NK-related	Homeo	DLX6
Irf4_1	IRF	Winged	Irf4
LM11	unknown	Unknown	unknown
HESX1	Paired-related	Homeo	HESX1
TGA6	unknown	Basic	TGA6
TBX20	TBX1-related	T-Box	TBX20
LM44	unknown	Unknown	unknown
Gm397_1	BetaBetaAlpha-zinc	Zinc-coordinating	Zscan4f
HNF4A	Hormone-nuclear	Zinc-coordinating	HNF4A
LM101	unknown	Unknown	unknown
SPL7	unknown	SBP-type	SPL7
ACAWYAAAG	unknown	Unknown	unknown
Egr1	BetaBetaAlpha-zinc	Zinc-coordinating	Egr1
NFYA	Heteromeric	Heteromeric	NFYA
SREBF1	bHLH-ZIP	Basic	SREBF1
RAP2-10	unknown	AP2/ERF	RAP2-10
CTGCAGY	unknown	Unknown	unknown
DOT6	Myb/SANT	Tryptophan	DOT6
Irx6	Homeo	Helix-Turn-Helix	Irx6
LHX6	HD-LIM	Homeo	LHX6
ACCTGTTG	unknown	Unknown	unknown
POU4F2	POU	Homeo	POU4F2
Bhlha15	Tal-related	Basic	Bhlha15
PHYPADRAFT_153324	Dof-type	C2H2	PHYPADRAFT_153324
PHYPADRAFT_64121	unknown	AP2/ERF	PHYPA_004076
brk	unknown	unknown	brk
LM200	unknown	Unknown	unknown
GTCNYYATGR	unknown	Unknown	unknown
Zfp187_2	BetaBetaAlpha-zinc	Zinc-coordinating	Zscan26
HAP3	Heteromeric	Heteromeric	HAP3
Rara_1	Hormone-nuclear	Zinc-coordinating	Rara
IRF1	Interferon-regulatory	Tryptophan	IRF1
TGGNNNNNNKCCAR	unknown	Unknown	unknown
GGGNNTTTCC	unknown	Unknown	unknown
SFL1	HSF	Heat	SFL1
JUND	Jun-related	Basic	JUND
Macho-1	unknown	C2H2	macho-1
hlh-29	Helix-Loop-Helix	Zipper-type	hlh-29
bsh	NK-related	Homeo	bsh
Sox11	SOX-related	High-mobility	Sox11
TGASTMAGC	unknown	Unknown	unknown
EHF	Ets-related	Tryptophan	EHF
AHL20	HMGA	A.T	AHL20
Twist2	Tal-related	Basic	Twist2
GAT1	GATA-type	Other	GAT1
RYCACNNRNNRNCAG	unknown	Unknown	unknown
CAGNWMCNNNGAC	unknown	Unknown	unknown
Sox17	SOX-related	High-mobility	Sox17
Sox2	SOX-related	High-mobility	Sox2
Osr1_1	BetaBetaAlpha-zinc	Zinc-coordinating	Osr1
dl(var.2)	unknown	Rel	dl
TP73	p53-related	p53	TP73
Hnf4a	RXR-related	Nuclear	Hnf4a
Nkx3-1_1	Homeo	Helix-Turn-Helix	Nkx3-1
LM22	unknown	Unknown	unknown
CAGGTA	unknown	Unknown	unknown
ref-1	Helix-Loop-Helix	Zipper-type	unknown
FOXH1	Forkhead	Fork	FOXH1
ATHB-9	unknown	Homeo	ATHB-9
NFIL3	C/EBP-related	Basic	NFIL3
WCAANNNYCAG	unknown	Unknown	unknown
Tcf1_1	Homeo	Helix-Turn-Helix	Hnf1a
GLIS2	More	C2H2	GLIS2
Tgif1	Homeo	Helix-Turn-Helix	unknown
Nkx2-5	Homeo	Helix-Turn-Helix	Nkx2-5
Foxa2_1	Forkhead	Winged	Foxa2
Sox5_1	High	Other	Sox5
TRB2	Myb/SANT	Tryptophan	TRB2
ATHB-5	unknown	Homeo	ATHB-5
LM214	unknown	Unknown	unknown
HOXA13	HOX-related	Homeo	HOXA13
Zic1_2	BetaBetaAlpha-zinc	Zinc-coordinating	Zic1
Sox12_2	High	Other	Sox12
Msx2	Homeo	Helix-Turn-Helix	Msx2
bZIP911	unknown	Basic	unknown
EMX2	NK-related	Homeo	EMX2
LM205	unknown	Unknown	unknown
IRF7	Interferon-regulatory	Tryptophan	IRF7
LM131	unknown	Unknown	unknown
RXRA::VDR	Thyroid	Nuclear	VDR
Hoxa5	Homeo	Helix-Turn-Helix	Hoxa5
Alx1_1	Homeo	Helix-Turn-Helix	Alx1
hlh-27	Helix-Loop-Helix	Zipper-type	hlh-27
MYB4	Myb/SANT	Tryptophan	MYB4
E2F7	E2F-related	Fork	E2F7
MYB15	Myb/SANT	Tryptophan	MYB15
RYTAAWNNNTGAY	unknown	Unknown	unknown
KCCGNSWTTT	unknown	Unknown	unknown
ESX1	Paired-related	Homeo	ESX1
BEAF-32	unknown	unknown	BEAF-32
NAC080	unknown	NAC/NAM	NAC079
slp1	Forkhead	Fork	slp1
LM124	unknown	Unknown	unknown
ECM22	unknown	C6	ECM22
Arid5a_1	Arid	Helix-Turn-Helix	unknown
LM204	unknown	Unknown	unknown
LM13	unknown	Unknown	unknown
TCP16	TCP	Basic	TCP16
inv	NK-related	Homeo	inv
Nkx2-3	Homeo	Helix-Turn-Helix	Nkx2-3
TEAD3	TEF-1-related	TEA	TEAD3
MNX1	HOX-related	Homeo	MNX1
Myod1	MyoD	Basic	Myod1
LM170	unknown	Unknown	unknown
TFAP2C(var.3)	AP-2	Basic	TFAP2C
Vsx2	Paired-related	Homeo	Vsx2
Zbtb3_1	BetaBetaAlpha-zinc	Zinc-coordinating	Zbtb3
BHLH104	unknown	Basic	BHLH104
Irf5_2	IRF	Winged	Irf5
LM127	unknown	Unknown	unknown
Hoxc5	Homeo	Helix-Turn-Helix	Hoxc5
NAC058	unknown	NAC/NAM	NAC058
TEC1	unknown	TEA	TEC1
SHOX	Paired-related	Homeo	SHOX
MYC4	unknown	Basic	MYC4
TBX5	TBX2-related	T-Box	TBX5
CTCNANGTGNY	unknown	Unknown	unknown
Stat4	STAT	STAT	Stat4
Hoxd3	HOX-related	Homeo	Hoxd3
ZNF263	More	C2H2	ZNF263
mxl-1::mdl-1	Helix-Loop-Helix	Zipper-type	unknown
CG11085	unknown	Homeo	Dmel\CG11085
REB1	Myb/SANT	Tryptophan	REB1
Dmbx1	Paired-related	Homeo	Dmbx1
Bach1::Mafk	Maf-related	Basic	Mafk
tup	HD-LIM	Homeo	tup
LM109	unknown	Unknown	unknown
